video_id,frame_number,timestamp,track_id,class_name,confidence,x1,y1,x2,y2
construction_sample.mp4,0,0.0,1,Worker,0.8899,781.71,301.98,930.07,712.98
construction_sample.mp4,0,0.0,2,Worker,0.8442,1057.69,336.78,1194.82,715.53
construction_sample.mp4,0,0.0,3,Worker,0.8294,526.38,318.02,734.03,714.53
construction_sample.mp4,5,0.2,1,Worker,0.9092,760.89,296.99,912.0,715.9
construction_sample.mp4,5,0.2,2,Worker,0.8146,1034.93,330.08,1174.47,715.9
construction_sample.mp4,5,0.2,3,Worker,0.8935,512.93,314.19,723.21,715.18
construction_sample.mp4,10,0.4,1,Worker,0.8529,738.88,292.64,891.52,716.22
construction_sample.mp4,10,0.4,2,Worker,0.7997,1018.11,324.16,1159.55,716.0
construction_sample.mp4,10,0.4,3,Worker,0.8745,485.54,311.09,698.1,716.0
construction_sample.mp4,15,0.6,1,Worker,0.8813,715.0,288.99,867.97,714.12
construction_sample.mp4,15,0.6,2,Worker,0.7329,995.51,319.35,1138.69,715.58
construction_sample.mp4,15,0.6,3,Worker,0.8796,465.58,306.23,681.79,717.15
construction_sample.mp4,20,0.8,1,Worker,0.8991,690.07,282.88,844.78,713.54
construction_sample.mp4,20,0.8,2,Worker,0.8055,968.37,317.49,1111.9,715.19
construction_sample.mp4,20,0.8,3,Worker,0.8535,442.92,301.84,660.75,716.23
construction_sample.mp4,25,1.0,1,Worker,0.8877,665.83,280.28,821.13,713.17
construction_sample.mp4,25,1.0,2,Worker,0.7671,945.73,314.07,1089.5,713.63
construction_sample.mp4,25,1.0,3,Worker,0.9039,417.1,297.61,637.85,716.62
construction_sample.mp4,30,1.2,1,Worker,0.8713,646.08,277.69,801.15,711.73
construction_sample.mp4,30,1.2,2,Worker,0.7422,922.81,310.29,1067.79,714.55
construction_sample.mp4,30,1.2,3,Worker,0.8754,395.98,295.49,618.33,717.45
construction_sample.mp4,35,1.4,1,Worker,0.9007,625.38,275.58,780.47,710.78
construction_sample.mp4,35,1.4,2,Worker,0.7967,900.69,308.7,1046.05,714.33
construction_sample.mp4,35,1.4,3,Worker,0.8863,373.64,294.13,596.69,716.35
construction_sample.mp4,40,1.6,1,Worker,0.8757,606.96,275.83,761.67,711.01
construction_sample.mp4,40,1.6,2,Worker,0.7916,883.84,307.26,1028.76,713.56
construction_sample.mp4,40,1.6,3,Worker,0.8873,353.12,293.8,576.99,717.16
construction_sample.mp4,45,1.8,1,Worker,0.8726,590.96,276.82,744.87,710.83
construction_sample.mp4,45,1.8,2,Worker,0.731,868.23,308.55,1012.01,713.19
construction_sample.mp4,45,1.8,3,Worker,0.8786,338.73,294.34,562.64,717.24
construction_sample.mp4,50,2.0,1,Worker,0.8843,577.0,279.15,730.3,712.65
construction_sample.mp4,50,2.0,2,Worker,0.7711,851.68,311.77,994.61,714.66
construction_sample.mp4,50,2.0,3,Worker,0.8666,322.9,296.1,546.27,717.19
construction_sample.mp4,55,2.2,1,Worker,0.9062,562.84,281.34,715.48,714.0
construction_sample.mp4,55,2.2,2,Worker,0.7934,837.84,315.26,979.37,715.39
construction_sample.mp4,55,2.2,3,Worker,0.8915,309.94,299.36,531.73,715.98
construction_sample.mp4,60,2.4,1,Worker,0.8864,551.45,285.85,702.49,714.14
construction_sample.mp4,60,2.4,2,Worker,0.8187,828.68,318.81,969.24,715.88
construction_sample.mp4,60,2.4,3,Worker,0.8924,299.03,303.82,519.52,715.99
construction_sample.mp4,65,2.6,1,Worker,0.87,543.51,289.35,693.98,716.21
construction_sample.mp4,65,2.6,2,Worker,0.6647,824.1,322.79,962.63,716.15
construction_sample.mp4,65,2.6,3,Worker,0.871,290.31,307.16,509.9,716.78
construction_sample.mp4,70,2.8,1,Worker,0.8646,537.57,294.03,686.24,716.35
construction_sample.mp4,70,2.8,2,Worker,0.7528,815.99,327.05,953.17,715.7
construction_sample.mp4,70,2.8,3,Worker,0.8902,283.98,312.29,501.94,717.07
construction_sample.mp4,75,3.0,1,Worker,0.8924,534.29,299.54,681.07,715.6
construction_sample.mp4,75,3.0,2,Worker,0.8058,812.91,332.22,947.84,715.7
construction_sample.mp4,75,3.0,3,Worker,0.8831,279.21,317.02,495.86,717.35
construction_sample.mp4,80,3.2,1,Worker,0.8897,532.21,304.35,677.59,715.55
construction_sample.mp4,80,3.2,2,Worker,0.6926,816.45,338.69,948.54,718.59
construction_sample.mp4,80,3.2,3,Worker,0.8857,278.47,321.64,494.44,718.02
construction_sample.mp4,85,3.4,1,Worker,0.9062,530.84,309.56,675.45,717.01
construction_sample.mp4,85,3.4,2,Worker,0.714,813.27,342.8,943.69,717.52
construction_sample.mp4,85,3.4,3,Worker,0.9141,280.36,325.85,495.01,717.75
construction_sample.mp4,90,3.6,1,Worker,0.8952,533.18,313.93,677.07,717.04
construction_sample.mp4,90,3.6,2,Worker,0.7759,813.93,349.08,942.43,717.45
construction_sample.mp4,90,3.6,3,Worker,0.9161,281.73,330.75,495.05,717.14
construction_sample.mp4,95,3.8,1,Worker,0.8942,538.07,318.31,681.06,717.17
construction_sample.mp4,95,3.8,2,Worker,0.7181,817.16,351.2,945.36,717.24
construction_sample.mp4,95,3.8,3,Worker,0.9147,284.05,335.43,495.8,716.27
construction_sample.mp4,100,4.0,1,Worker,0.8952,544.94,321.81,687.45,716.83
construction_sample.mp4,100,4.0,2,Worker,0.6885,829.13,352.8,956.52,717.5
construction_sample.mp4,100,4.0,3,Worker,0.8672,293.63,338.76,504.88,716.26
construction_sample.mp4,105,4.2,1,Worker,0.9031,552.8,323.05,695.25,716.52
construction_sample.mp4,105,4.2,2,Worker,0.8182,834.94,355.97,961.59,716.73
construction_sample.mp4,105,4.2,3,Worker,0.8874,302.03,341.02,512.9,715.44
construction_sample.mp4,110,4.4,1,Worker,0.8933,564.84,325.08,707.08,716.92
construction_sample.mp4,110,4.4,2,Worker,0.7639,842.84,356.27,970.82,718.46
construction_sample.mp4,110,4.4,3,Worker,0.9004,311.19,342.46,523.45,716.77
construction_sample.mp4,115,4.6,1,Worker,0.8836,577.43,326.23,719.69,716.96
construction_sample.mp4,115,4.6,2,Worker,0.7951,851.84,356.58,980.28,718.16
construction_sample.mp4,115,4.6,3,Worker,0.8935,323.91,342.78,537.12,716.5
construction_sample.mp4,120,4.8,1,Worker,0.9044,590.63,324.86,734.03,718.01
construction_sample.mp4,120,4.8,2,Worker,0.7109,871.32,358.39,998.47,718.01
construction_sample.mp4,120,4.8,3,Worker,0.8451,338.42,341.73,552.52,717.07
construction_sample.mp4,125,5.0,1,Worker,0.8962,604.73,323.24,749.42,717.25
construction_sample.mp4,125,5.0,2,Worker,0.6657,886.15,356.69,1014.15,716.44
construction_sample.mp4,125,5.0,3,Worker,0.8889,350.47,340.51,565.5,716.58
construction_sample.mp4,130,5.2,1,Worker,0.8864,621.62,321.85,766.33,716.5
construction_sample.mp4,130,5.2,2,Worker,0.7996,900.65,355.68,1029.5,716.48
construction_sample.mp4,130,5.2,3,Worker,0.8653,370.08,338.86,585.57,715.98
construction_sample.mp4,135,5.4,1,Worker,0.8747,640.6,318.04,786.03,715.43
construction_sample.mp4,135,5.4,2,Worker,0.8034,915.37,353.06,1045.46,716.53
construction_sample.mp4,135,5.4,3,Worker,0.8511,388.5,335.08,605.77,716.53
construction_sample.mp4,140,5.6,1,Worker,0.9023,655.17,314.23,802.1,715.61
construction_sample.mp4,140,5.6,2,Worker,0.7886,930.56,347.56,1063.4,716.41
construction_sample.mp4,140,5.6,3,Worker,0.879,413.71,329.98,632.12,717.29
construction_sample.mp4,145,5.8,1,Worker,0.8805,673.91,310.42,822.36,716.85
construction_sample.mp4,145,5.8,2,Worker,0.6737,954.67,341.22,1088.79,716.61
construction_sample.mp4,145,5.8,3,Worker,0.8877,423.11,326.36,643.84,716.99
